,品牌,名稱,型號,適用主機尺寸類型,支援顯卡最長長度,支援PSU最長長度,支援cpu散熱器最高高度,價格
0,華碩,華碩 ProArt PA401 Wood 木質透側版/ATX + 華碩 PRIME 750W 銅牌/直出線/6年保,PA401,ATX,,,,5580
1,,↪ 買華碩 ProArt PA401透側版+PRIME 750W銅牌,PRIME,,,,,
2,COUGAR,COUGAR Duoface RGB 白 卡33/U高19/雙面板/Logo燈效/玻璃透側/E-ATX 原價$2590！,COUGAR,ATX,,,,2590
3,銀欣,銀欣 SUGO 14 白 顯卡長33/CPU高18.2/電供深15/ITX,SUGO,ITX,,,,3200
4,XPG,XPG STARKER AIR C 黑 顯卡長35/U高16.5/磁吸面板/玻璃透側/ATX 原價$2290！,STARKER,ATX,,,,2290
5,XPG,XPG STARKER AIR C 白 顯卡長35/U高16.5/磁吸面板/玻璃透側/ATX 原價$2390！,STARKER,ATX,,,,2390
6,BitFenix,BitFenix 亞瑟之劍 鐵網版 黑 顯卡長38/CPU高16.3/玻璃透側/ATX 原價$1990！,1990,ATX,,,,1990
7,BitFenix,BitFenix 亞瑟之劍 鐵網版 白 顯卡長38/CPU高16.3/玻璃透側/ATX 原價$2090！,2090,ATX,,,,2090
8,Apexgaming,Apexgaming V300 黑 顯卡長34/CPU高16/玻璃透側/分艙設計/M-ATX 原價$1290,V300,ATX,,,,1290
9,,↪ 即日起買Apexgaming V300 機殼,V300,,,,,
10,Apexgaming,Apexgaming V300 白 顯卡長34/CPU高16/玻璃透側/分艙設計/M-ATX 原價$1390,V300,ATX,,,,1390
11,Apexgaming,Apexgaming 蓋亞GAIA 黑 顯卡長40/CPU高17/玻璃透側/鋁拉絲小牛皮飾板/E-ATX,E-ATX,ATX,,,,1590
12,Apexgaming,Apexgaming 蓋亞GAIA 白 顯卡長40/CPU高17/玻璃透側/鋁拉絲小牛皮飾板/E-ATX,E-ATX,ATX,,,,1690
13,曜越,曜越 View 300 MX 黑 顯卡長40/CPU高17.5/玻璃透側/雙面版/E-ATX 獨家原價$3990！,E-ATX,ATX,,,,3990
14,,Mavoly Strawberry M16,-ATX,ATX,,,,1390
15,,Mavoly Strawberry M16W,M16W,ATX,,,,1490
16,銀欣,銀欣 RM23-502 2U工業機殼/CPU高6.5/ATX,RM23-502,ATX,,,,3500
17,銀欣,銀欣 RM400 4U工業機殼/CPU高13/ATX/CEB,RM400,ATX,,,,4890
18,銀欣,銀欣 RM44 4U工業機殼/CPU高13.7,RM44,,,,,7150
19,銀欣,銀欣 RM42-502 4U工業機殼/CPU高13,RM42-502,,,,,7500
20,銀欣,銀欣 RM51 5U工業機殼/CPU高19.2,RM51,,,,,10390
21,銀欣,銀欣 RM52 5U工業機殼/CPU高19.2,RM52,,,,,11990
22,,樹昌 TI-U202S 2U工業機殼/CPU高5.5/ATX,TI-U202S,ATX,,,,3200
23,,樹昌 TI-U402S 4U工業機殼/顯卡長33/CPU高13/E-ATX,TI-U402S,ATX,,,,3100
24,,樹昌 TI-U403S 4U工業機殼/CPU高12/ATX,TI-U403S,ATX,,,,2100
25,,樹昌 TI-C302S 3U工業機殼/CPU高8.5/ATX,TI-C302S,ATX,,,,4200
26,,台鼎環球 4U,2990,ATX,,,,2990
27,喬思伯,喬思伯 N3 顯卡長25/CPU高13/3.5*8 硬碟位/NAS推薦/上下分艙/ITX【SFX】,3990,ITX,,,,3990
28,喬思伯,喬思伯 N4 黑 顯卡長23,M-ATX,ATX,,,,2990
29,喬思伯,喬思伯 N4 白 顯卡長23,M-ATX,ATX,,,,2990
30,喬思伯,喬思伯 N5 顯卡長35/CPU高16/3.5*12 硬碟位/NAS推薦/上下分艙/E-ATX,E-ATX,ATX,,,,5990
31,聯力,聯力 A4-H2O 黑 /PCIe 4.0/顯卡長32.2/CPU高5.5/鋁合金/ITX【SFX】,A4-H2O,ITX,,,,4500
32,聯力,聯力 A4-H2O 銀 /PCIe 4.0/顯卡長32.2/CPU高5.5/鋁合金/ITX【SFX】,A4-H2O,ITX,,,,4500
33,酷碼,酷碼 MasterBox NR200 黑 顯卡長33/CPU高15.5,NR200,ITX,,,,1990
34,酷碼,酷碼 MasterBox NR200 白 顯卡長33/CPU高15.5,NR200,ITX,,,,1990
35,酷碼,酷碼 MasterBox NR200P V2 黑/卡35.6/U高6.7/含玻璃側版/PCIe4.0延長線/ITX【SFX】,NR200P,ITX,,,,3290
36,酷碼,酷碼 MasterBox NR200P V2 白/卡35.6/U高6.7/含玻璃側版/PCIe4.0延長線/ITX【SFX】,NR200P,ITX,,,,3290
37,酷碼,酷碼 MasterBox NR200P MAX 卡長33.6/含280水冷/850W SFX電源/PCIe4.0延長線/ITX,NR200P,ITX,,,,11990
38,酷碼,酷碼 Ncore 100 MAX 槍灰 顯卡長35.7/120厚排水冷/850W SFX電源/PCIe4.0延長線/ITX,850W,ITX,,,,12500
39,酷碼,酷碼 Ncore 100 MAX 古銅 顯卡長35.7/120厚排水冷/850W SFX電源/PCIe4.0延長線/ITX,850W,ITX,,,,12500
40,全漢,全漢 CST351 顯卡長33.6/CPU高13.8,CST351,ITX,,,,1990
41,銀欣,銀欣 ML09 黑 顯卡長17.5,ML09,ITX,,,,2040
42,銀欣,銀欣 LD03 顯卡長30.9,LD03,ITX,,,,4490
43,銀欣,銀欣 SG05-LITE 黑 顯卡長22.8/CPU高8/ITX,SG05-LITE,ITX,,,,1400
44,darkFlash,darkFlash DLH 21 粉 顯卡,2090,ITX,,,,2090
45,,abee AS Enclosure W1 綠 顯卡長31,M-ATX,ATX,,,,5990
46,Fractal,Fractal Design Ridge 黑 顯卡長33.5,4890,ITX,,,,4890
47,Fractal,Fractal Design Terra 黑 卡長32.2,6790,ITX,,,,6790
48,Fractal,Fractal Design Terra 銀 卡長32.2,6790,ITX,,,,6790
49,Fractal,Fractal Design Terra 綠 卡長32.2,6790,ITX,,,,6790
50,Fractal,Fractal Design Mood 灰 顯卡長32.5,5990,ITX,,,,5990
51,Fractal,Fractal Design Mood 黑 顯卡長32.5,5990,ITX,,,,5990
52,Fractal,Fractal Design Era 2 銀色 顯卡長32.6/厚4.8,7900,ITX,,,,7900
53,Fractal,Fractal Design Era 2 深灰 顯卡長32.6/厚4.8,7900,ITX,,,,7900
54,Fractal,Fractal Design Era 2 午夜藍 顯卡長32.6/厚4.8,7900,ITX,,,,7900
55,喬思伯,喬思伯 TK-0 黑 顯卡長23/CPU高13.7/雙折彎環形玻璃/胡桃木面板/ITX【SFX】,TK-0,ITX,,,,3490
56,喬思伯,喬思伯 TK-0 白 顯卡長23/CPU高13.7/雙折彎環形玻璃/胡桃木面板/ITX【SFX】,TK-0,ITX,,,,3490
57,華碩,華碩 Prime AP201 黑/方形進氣孔/前Type-C/M-ATX+華碩 TUF GAMING 650W銅牌電源,AP201,ATX,,,,3990
58,華碩,華碩 Prime AP201 白/方形進氣孔/前Type-C/M-ATX+華碩 TUF GAMING 650W銅牌電源,AP201,ATX,,,,3990
59,華碩,華碩 Prime AP201 TG 黑/玻璃透側/M-ATX + 華碩 Prime LC 360 ARGB,AP201,ATX,,,,4390
60,華碩,華碩 Prime AP201 TG 白/玻璃透側/M-ATX + 華碩 Prime LC 360 ARGB,AP201,ATX,,,,4590
61,華碩,華碩 A31 PLUS 黑 /全景玻璃/背插/ATX + 華碩 PRIME 750W Gold 金牌/全模,PLUS,ATX,,,,5200
62,華碩,華碩 A31 PLUS 白 /全景玻璃/背插/ATX + 華碩 PRIME 750W Gold 金牌/全模,PLUS,ATX,,,,5200
63,華碩,華碩 A21 黑 顯卡長38/CPU高16.5/玻璃透側/支援背插/M-ATX 送振華12cm冰渦輪風扇*1,M-ATX,ATX,,,,1490
64,華碩,華碩 A21 白 顯卡長38/CPU高16.5/玻璃透側/支援背插/M-ATX 送振華12cm冰渦輪風扇*1,M-ATX,ATX,,,,1590
65,華碩,華碩 A21 PLUS 黑 顯卡長38/CPU高16.5/玻璃透側/ARGB風扇*4/支援背插/M-ATX,PLUS,ATX,,,,2090
66,華碩,華碩 A21 PLUS 白 顯卡長38/CPU高16.5/玻璃透側/ARGB風扇*4/支援背插/M-ATX,PLUS,ATX,,,,2190
67,華碩,華碩 A23 PLUS 黑 顯卡長38/CPU高16.5/玻璃透側/懸浮玻璃面板/支援背插/M-ATX,PLUS,ATX,,,,2290
68,華碩,華碩 A23 PLUS 白 顯卡長38/CPU高16.5/玻璃透側/懸浮玻璃面板/支援背插/M-ATX,PLUS,ATX,,,,2390
69,華碩,華碩 A31 黑 顯卡長38/CPU高16.5/全景玻璃透側/支援背插/傾斜基座設計/ATX,1690,ATX,,,,1690
70,華碩,華碩 A31 白 顯卡長38/CPU高16.5/全景玻璃透側/支援背插/傾斜基座設計/ATX,1790,ATX,,,,1790
71,華碩,華碩 A31 PLUS 黑 顯卡長38/U高16.5/全景玻璃/支援背插/傾斜基座/ARGB風扇*4/ATX,PLUS,ATX,,,,2390
72,華碩,華碩 A31 PLUS 白 顯卡長38/U高16.5/全景玻璃/支援背插/傾斜基座/ARGB風扇*4/ATX,PLUS,ATX,,,,2490
73,華碩,華碩 Prime AP201 黑 顯卡長33.8/CPU高17/方形進氣孔/前置Type-C/M-ATX,AP201,ATX,,,,1890
74,華碩,華碩 Prime AP201 白 顯卡長33.8/CPU高17/方形進氣孔/前置Type-C/M-ATX,AP201,ATX,,,,1990
75,華碩,華碩 Prime AP201 TG 黑 顯卡長33.8/CPU高17/玻璃透側/前置Type-C/M-ATX,AP201,ATX,,,,1990
76,華碩,華碩 Prime AP201 TG 白 顯卡長33.8/CPU高17/玻璃透側/前置Type-C/M-ATX,AP201,ATX,,,,2090
77,華碩,華碩 TUF Gaming GT301 顯卡長32/CPU高16/耳機架/玻璃透側/ATX▼下殺到 5/31 21:00,GT301,ATX,,,,2390
78,華碩,華碩 TUF Gaming GT302 ARGB 黑 顯卡長40.7/U高16.5/玻璃透側/支援背插/E-ATX,GT302,ATX,,,,3490
79,華碩,華碩 TUF Gaming GT302 ARGB 白 顯卡長40.7/U高16.5/玻璃透側/支援背插/E-ATX,GT302,ATX,,,,3690
80,華碩,華碩 TUF Gaming GT501VC 顯卡長42/CPU高18/玻璃透側/無攜行把手,GT501VC,ATX,,,,3790
81,,↪ 買華碩 TUF Gaming GT501VC 特仕版,GT501VC,,,,,
82,華碩,華碩 TUF Gaming GT501 顯卡長42/CPU高18/玻璃透側/ATX,GT501,ATX,,,,3790
83,華碩,華碩 TUF Gaming GT501 白色版 顯卡長42/CPU高18/玻璃透側/ATX,GT501,ATX,,,,3990
84,華碩,華碩 TUF Gaming GT502 Horizon 無界版 卡長40/U高16.3/分艙設計/全景玻璃透側/ATX,GT502,ATX,,,,4690
85,華碩,華碩 TUF Gaming GT502 Horizon/ATX+華碩TR120 ARGB,GT502,ATX,,,,5890
86,華碩,華碩 TUF Gaming GT502 Horizon 白色版 卡長40/U高16.3/分艙設計/全景玻璃透側/ATX,GT502,ATX,,,,4890
87,華碩,華碩 TUF Gaming GT502 Horizon,GT502,ATX,,,,5990
88,華碩,華碩 ProArt PA401 Wood 木質金屬版 顯卡長31.5/CPU高16/金屬側板/ATX,PA401,ATX,,,,2890
89,華碩,華碩 ProArt PA401 Wood 木質透側版 顯卡長31.5/CPU高16/玻璃透側/ATX,PA401,ATX,,,,2990
90,華碩,華碩 ProArt PA401 Wood 木質透側版/ATX + 華碩 PRIME 750W 銅牌/直出線/6年保,PA401,ATX,,,,5580
91,華碩,華碩 ProArt PA602 顯卡長44/CPU高18.5/玻璃透側/紅外線灰塵偵測/E-ATX,PA602,ATX,,,,6490
92,華碩,華碩 ProArt PA602 Wood 木質金屬版 卡長44/U高18.5/金屬側板/紅外線灰塵偵測/E-ATX,PA602,ATX,,,,7490
93,華碩,華碩 ProArt PA602 Wood 木質透側版 卡長44/U高18.5/玻璃透側/紅外線灰塵偵測/E-ATX,PA602,ATX,,,,7890
94,,❤ 2/24~5/31買華碩 Strix Helios 系列機殼,,,,,,
95,華碩,華碩 ROG Strix Helios 顯卡長45/CPU高19/玻璃透側/E-ATX,E-ATX,ATX,,,,8990
96,華碩,華碩 ROG Strix Helios 白色版 顯卡長45/CPU高19/玻璃透側/E-ATX,E-ATX,ATX,,,,9990
97,,❤ 2/24~5/31買華碩 Hyperion GR701機殼,,,,,,
98,華碩,華碩 ROG Hyperion GR701 創世神 顯卡長46/CPU高19/玻璃透側/E-ATX,GR701,ATX,,,,13990
99,華碩,華碩 ROG Hyperion GR701 BTF 創世神 顯卡長46/CPU高19/玻璃透側/支援背插/E-ATX,GR701,ATX,,,,14990
100,華碩,華碩 ROG Hyperion GR701 創世神 白色版 顯卡長46/CPU高19/玻璃透側/E-ATX,GR701,ATX,,,,14990
101,視博通,視博通 蒼龍戰士 + 視博通 450W電源,1190,ATX,,,,1190
102,視博通,視博通 LAM211D + 視博通 500W電源,LAM211D,ATX,,,,1990
103,視博通,視博通 小尖兵 PLUS 顯卡長29/CPU高17/透明上蓋/前置Type-C/M-ATX,PLUS,ATX,,,,1690
104,視博通,視博通 小至尊 顯卡長33/CPU高14/前置讀卡機/M-ATX,M-ATX,ATX,,,,890
105,視博通,視博通 SAK251 黑 顯卡長33.5/U高16.8/前置Type-C/玻璃透側/支援背插/M-ATX,SAK251,ATX,,,,1790
106,視博通,視博通 MW-III 顯卡長35/CPU高16.5/網孔面板+燈條/玻璃透側/E-ATX,MW-III,ATX,,,,1590
107,視博通,視博通 LEM003M 黑 顯卡長31.5/CPU高16.5/金屬網孔側板/M-ATX,LEM003M,ATX,,,,890
108,視博通,視博通 LEX100M 黑 顯卡長31.5/CPU高16.5/定光RGB扇*5/全景玻璃透側/M-ATX,LEX100M,ATX,,,,1090
109,視博通,視博通 LAI099 黑 顯卡長37.5/CPU高18/玻璃透側/E-ATX,LAI099,ATX,,,,1690
110,視博通,視博通 LAI099 白 顯卡長37.5/CPU高18/玻璃透側/E-ATX,LAI099,ATX,,,,1790
111,視博通,視博通 LAI099 ARGB 黑 顯卡長37.5/CPU高18/玻璃透側/E-ATX,LAI099,ATX,,,,1990
112,視博通,視博通 LAI099 ARGB 黑 /玻璃透側/E-ATX + DEEPCOOL AG620 ARGB 雙塔散熱器,LAI099,ATX,,,,2990
113,視博通,視博通 LAI099 ARGB 白 顯卡長37.5/CPU高18/玻璃透側/E-ATX,LAI099,ATX,,,,2090
114,視博通,視博通 LAI099 ARGB 白 /玻璃透側/E-ATX + DEEPCOOL AG620 WH ARGB雙塔散熱器,LAI099,ATX,,,,3190
115,視博通,視博通 LAH245 黑 顯卡長42/CPU高18.5/全景玻璃透側/支援背插,LAH245,ATX,,,,2290
116,視博通,視博通 SW200 黑 顯卡長40/CPU高16.3/壓克力透側/ATX,SW200,ATX,,,,1090
117,視博通,視博通 SW300 M 黑 顯卡長35/CPU高16.6/前置Type-C/下壓式防塵網/玻璃透側/M-ATX,SW300,ATX,,,,1490
118,視博通,視博通 SW300 黑 顯卡長34.5/U高16.3/玻璃透側/E-ATX 送快睿 CR401 ARGB散熱器！,SW300,ATX,,,,1890
119,視博通,視博通 SW300 白 顯卡長34.5/U高16.3/玻璃透側/E-ATX 送快睿 CR401 ARGB散熱器！,SW300,ATX,,,,1990
120,視博通,視博通 SW437 顯卡長41.5,SW437,ATX,,,,1990
121,視博通,視博通 幻彩男爵 黑 顯卡長34.5/CPU高16.3/20cm風扇*2/前置Type-C/玻璃透側/E-ATX,E-ATX,ATX,,,,1890
122,視博通,視博通 幻彩男爵 白 顯卡長34.5/CPU高16.3/20cm風扇*2/前置Type-C/玻璃透側/E-ATX,E-ATX,ATX,,,,1990
123,Montech,Montech Air 100 LITE 黑/側掀玻璃側板/M-ATX + GAMMA II 550W/金牌電源 現省$330,LITE,ATX,,,,330
124,Montech,Montech Air 100 LITE 黑/側掀玻璃側板/M-ATX + GAMMA II 650W/金牌電源 現省$290,LITE,ATX,,,,290
125,Montech,Montech SKY ONE LITE 黑/側掀玻璃側板/ATX + Montech GAMMA II 750W/金牌電源,LITE,ATX,,,,3590
126,Montech,Montech Air 903 MAX 黑/玻璃側板/E-ATX + 創世紀 CENTURY 850W/金牌/全模組電源,E-ATX,ATX,,,,3890
127,Montech,Montech XR Wood 黑/玻璃側板/ATX+CENTURY G5 850W/金牌/ATX3.0,CENTURY,ATX,,,,4190
128,Montech,Montech X1 黑 顯卡長30.5/CPU高16.5/網孔面板/玻璃透側/ATX,1090,ATX,,,,1090
129,Montech,Montech X1 白 顯卡長30.5/CPU高16.5/網孔面板/玻璃透側/ATX,1190,ATX,,,,1190
130,Montech,Montech X3 MESH 黑 顯卡長30.5/CPU高16/內建風扇*6/側掀玻璃側板/ATX,MESH,ATX,,,,1490
131,Montech,Montech X3 MESH 白 顯卡長30.5/CPU高16/內建風扇*6/側掀玻璃側板/ATX,MESH,ATX,,,,1590
132,Montech,Montech XR 黑 顯卡長42/CPU高17.5/全景玻璃透側/ATX,1590,ATX,,,,1590
133,Montech,Montech XR 白 顯卡長42/CPU高17.5/全景玻璃透側/ATX,1690,ATX,,,,1690
134,Montech,Montech XR Wood 黑 顯卡長42/CPU高17.5/玻璃側板/胡桃木混搭面板/ATX,1890,ATX,,,,1890
135,Montech,Montech XR Wood 白 顯卡長42/CPU高17.5/玻璃側板/胡桃木混搭面板/ATX,1990,ATX,,,,1990
136,Montech,Montech Air 100 LITE 黑 顯卡長33/CPU高16.1/磁吸面板/側掀玻璃側板/M-ATX,LITE,ATX,,,,1190
137,Montech,Montech Air 100 LITE 白 顯卡長33/CPU高16.1/磁吸面板/側掀玻璃側板/M-ATX,LITE,ATX,,,,1290
138,Montech,Montech Air 100 ARGB 黑 顯卡長33/CPU高16.1/磁吸面板/側掀玻璃側板/M-ATX,ARGB,ATX,,,,1690
139,Montech,Montech Air 100 ARGB 白 顯卡長33/CPU高16.1/磁吸面板/側掀玻璃側板/M-ATX,ARGB,ATX,,,,1890
140,Montech,Montech Air 903 BASE 黑 顯卡長40/CPU高18/前置Type-C/玻璃側板/E-ATX,BASE,ATX,,,,1590
141,Montech,Montech Air 903 BASE 白 顯卡長40/CPU高18/前置Type-C/玻璃側板/E-ATX,BASE,ATX,,,,1790
142,Montech,Montech Air 903 MAX 黑 顯卡長40/CPU高18/快拆網孔面板/玻璃側板/E-ATX,E-ATX,ATX,,,,1890
143,Montech,Montech Air 903 MAX 白 顯卡長40/CPU高18/快拆網孔面板/玻璃側板/E-ATX,E-ATX,ATX,,,,2090
144,Montech,Montech Air 1000 LITE 黑 顯卡長34/CPU高16.5/側掀玻璃側板/ATX,1000,ATX,,,,1490
145,Montech,Montech Air 1000 LITE 白 顯卡長34/CPU高16.5/側掀玻璃側板/ATX,1000,ATX,,,,1590
146,Montech,Montech Air 1000 Silent 靜音版 顯卡長34/CPU高16.5/上抽式防塵網/ATX,1000,ATX,,,,1690
147,Montech,Montech Air 1000 PREMIUM 黑 顯卡長34/CPU高16.5/玻璃側板/雙面板,1000,ATX,,,,1990
148,Montech,Montech Air 1000 PREMIUM 白 顯卡長34/CPU高16.5/玻璃側板/雙面板,1000,ATX,,,,2190
149,Montech,Montech SKY ONE LITE 黑 顯卡長35/CPU高17/前置Type-C/側掀玻璃側板/ATX,LITE,ATX,,,,1690
150,Montech,Montech SKY ONE LITE 白 顯卡長35/CPU高17/前置Type-C/側掀玻璃側板/ATX,LITE,ATX,,,,1890
151,Montech,Montech SKY TWO 黑 顯卡長40/CPU高16.8/創新風流設計/玻璃透側/ATX,2390,ATX,,,,2390
152,Montech,Montech SKY TWO 白 顯卡長40/CPU高16.8/創新風流設計/玻璃透側/ATX,2490,ATX,,,,2490
153,Montech,Montech SKY TWO 藍 顯卡長40/CPU高16.8/創新風流設計/玻璃透側/ATX,2790,ATX,,,,2790
154,Montech,Montech SKY TWO GX 黑 顯卡長40/U高16.8/側掀玻璃側板/E-ATX 送AX120,E-ATX,ATX,,,,2490
155,Montech,Montech SKY TWO GX 白 顯卡長40/U高16.8/側掀玻璃側板/E-ATX 送AX120,E-ATX,ATX,,,,2690
156,Montech,Montech KING 65 PRO 黑 顯卡長42/CPU高17.5/分艙設計/全景玻璃透側/ATX,KING,ATX,,,,2690
157,Montech,Montech KING 65 PRO 白 顯卡長42/CPU高17.5/分艙設計/全景玻璃透側/ATX,KING,ATX,,,,2690
158,Montech,Montech KING 95 藍 顯卡長42/CPU高17.5/分艙設計/全景玻璃+網孔模式/ATX,KING,ATX,,,,3390
159,Montech,Montech KING 95 紅 顯卡長42/CPU高17.5/分艙設計/全景玻璃+網孔模式/ATX,KING,ATX,,,,3390
160,Montech,Montech KING 95 PRO 黑 顯卡長42/CPU高17.5/六風扇/分艙設計/全景玻璃+網孔/ATX,KING,ATX,,,,3990
161,Montech,Montech KING 95 PRO 白 顯卡長42/CPU高17.5/六風扇/分艙設計/全景玻璃+網孔/ATX,KING,ATX,,,,4190
162,Montech,Montech KING 95 PRO 藍 顯卡長42/CPU高17.5/六風扇/分艙設計/全景玻璃+網孔/ATX,KING,ATX,,,,4590
163,Montech,Montech KING 95 PRO 紅 顯卡長42/CPU高17.5/六風扇/分艙設計/全景玻璃+網孔/ATX,KING,ATX,,,,4590
164,Montech,Montech Heritage PRO 黑 顯卡長40/CPU高17/玻璃側板/皮革裝飾+提帶/M-ATX,M-ATX,ATX,,,,2990
165,Montech,Montech Heritage PRO 白 顯卡長40/CPU高17/玻璃側板/皮革裝飾+提帶/M-ATX,M-ATX,ATX,,,,3090
166,,❤ 即日起買Montech HS01 PRO/HS02 PRO機殼,HS01,,,,,
167,Montech,Montech HS01 PRO 黑 卡40/U高17/可翻轉機身/下沉式風扇/前網+玻璃透側/背插/ATX,HS01,ATX,,,,2990
168,Montech,Montech HS01 PRO 白 卡40/U高17/可翻轉機身/下沉式風扇/前網+玻璃透側/背插/ATX,HS01,ATX,,,,2990
169,Montech,Montech HS02 PRO 黑 卡42/U高17.5/可翻轉機身/下沉式風扇/全景玻璃透側/背插/ATX,HS02,ATX,,,,3190
170,Montech,Montech HS02 PRO 白 卡42/U高17.5/可翻轉機身/下沉式風扇/全景玻璃透側/背插/ATX,HS02,ATX,,,,3190
171,微星,微星 MAG FORGE M100A 顯卡長30/CPU高16/壓克力透側/M-ATX▼下殺到 6/1 21:00,FORGE,ATX,,,,1390
172,微星,微星 MAG FORGE M100R 顯卡長30/CPU高16/玻璃透側/M-ATX▼下殺到 6/1 21:00,FORGE,ATX,,,,1790
173,微星,微星 MAG FORGE M100R WHITE 顯卡長30/CPU高16/玻璃透側/M-ATX▼下殺到 6/1 21:00,FORGE,ATX,,,,1790
174,微星,微星 MAG FORGE 120A AIRFLOW 顯卡長33/CPU高16/標配6風扇/玻璃透側/ATX,FORGE,ATX,,,,1590
175,微星,微星 MAG FORGE 320R AIRFLOW WHITE 顯卡長39/CPU高16/玻璃透側/ATX,FORGE,ATX,,,,1990
176,微星,微星 MAG FORGE 321R AIRFLOW 顯卡長39/CPU高16/前置Type-C/玻璃透側/ATX,FORGE,ATX,,,,2190
177,微星,微星 MAG PANO M100R PZ 黑 顯卡長39/U高17.5/全景玻璃透側/支援背插/M-ATX,PANO,ATX,,,,2990
178,微星,微星 MAG PANO M100R PZ 白 顯卡長39/U高17.5/全景玻璃透側/支援背插/M-ATX,PANO,ATX,,,,3190
179,微星,微星 MAG PANO 100R PZ 黑 卡長38/U高16.6/分艙設計/全景玻璃透側/支援背插/ATX,PANO,ATX,,,,3990
180,,↪ 4/1~6/30 買微星 MAG PANO 100R PZ,PANO,,,,,
181,微星,微星 MAG PANO 100R PZ 黑 /全景玻璃/背插/分艙/ATX+F120 ARGB,PANO,ATX,,,,4590
182,微星,微星 MAG PANO 100R PZ 白 卡長38/U高16.6/分艙設計/全景玻璃透側/支援背插/ATX,PANO,ATX,,,,4190
183,,↪ 4/1~6/30 買微星 MAG PANO 100R PZ,PANO,,,,,
184,微星,微星 MAG PANO 100R PZ 白 /全景玻璃/背插/分艙/ATX+F120 ARGB,PANO,ATX,,,,4790
185,微星,微星 MAG PANO 110R PZ 黑 顯卡長40/CPU高16/全景玻璃透側/支援背插/ATX,PANO,ATX,,,,2290
186,微星,微星 MAG PANO 110R PZ 白 顯卡長40/CPU高16/全景玻璃透側/支援背插/ATX,PANO,ATX,,,,2390
187,微星,微星 MPG VELOX 100R WHITE 顯卡長38/CPU高17.5/玻璃透側/ATX,VELOX,ATX,,,,4190
188,微星,微星 MPG VELOX 300R AIRFLOW PZ 黑 卡40/U高16.5/玻璃透側/背插,VELOX,ATX,,,,3990
189,微星,微星 MPG VELOX 300R AIRFLOW PZ 白 卡40/U高16.5/玻璃透側/背插,VELOX,ATX,,,,4190
190,微星,微星 MPG GUNGNIR 300R AIRFLOW 顯卡長36/U高17.5/玻璃透側/顯卡支架/E-ATX,GUNGNIR,ATX,,,,4990
191,微星,微星 MPG GUNGNIR 300P AIRFLOW 顯卡長36/U高17.5/玻璃透側/PCIe延長線/E-ATX,GUNGNIR,ATX,,,,5390
192,技嘉,技嘉 C102 GLASS 顯卡長41/CPU高16.5/磁吸面板/玻璃透側/M-ATX,C102,ATX,,,,1390
193,技嘉,技嘉 C102 GLASS ICE,C102,ATX,,,,1490
194,技嘉,技嘉 C301 GLASS 顯卡長40/CPU高17/玻璃透側/E-ATX,C301,ATX,,,,2290
195,技嘉,技嘉 C301 GLASS WHITE 顯卡長40/CPU高17/玻璃透側/E-ATX,C301,ATX,,,,2490
196,技嘉,技嘉 C500 Panoramic Stealth 顯卡長41/CPU高17.6/全景玻璃透側/支援背插/ATX,C500,ATX,,,,3290
197,技嘉,技嘉 C500 Panoramic Stealth ICE,C500,ATX,,,,3490
198,技嘉,技嘉 AORUS C400 GLASS 顯卡長36/CPU高16.8/垂直風道/玻璃透側/ATX,AORUS,ATX,,,,4290
199,技嘉,技嘉 AORUS C500 GLASS 顯卡長42/CPU高19/玻璃透側/E-ATX,AORUS,ATX,,,,5490
200,darkFlash,darkFlash MOTI mini 網孔版 顯卡長30.5/CPU高18/玻璃透側/M-ATX,MOTI,ATX,,,,1090
201,darkFlash,darkFlash MOTI mini 黑 顯卡長30.5/U高18/定光RGB扇*5/全景玻璃透側/M-ATX,MOTI,ATX,,,,1490
202,darkFlash,darkFlash MOTI mini 白 顯卡長30.5/U高18/定光RGB扇*5/全景玻璃透側/M-ATX,MOTI,ATX,,,,1490
203,darkFlash,darkFlash MOTI mini 粉 顯卡長30.5/U高18/定光RGB扇*5/全景玻璃透側/M-ATX,MOTI,ATX,,,,1590
204,darkFlash,darkFlash MOTI 鏡之島 黑 顯卡長39/CPU高17/全景玻璃透側/M-ATX,MOTI,ATX,,,,2190
205,darkFlash,darkFlash MOTI 鏡之島 黑 /玻璃透側/M-ATX + darkFlash DM12R PRO,MOTI,ATX,,,,2690
206,darkFlash,darkFlash MOTI 鏡之島 白 顯卡長39/CPU高17/全景玻璃透側/M-ATX,MOTI,ATX,,,,2190
207,darkFlash,darkFlash MOTI 鏡之島 白 /玻璃透側/M-ATX + darkFlash DM12R PRO,MOTI,ATX,,,,2690
208,darkFlash,darkFlash DK353 黑 顯卡長34/U高16.5/12cm彩虹扇*4,DK353,ATX,,,,990
209,darkFlash,darkFlash DK431 黑 顯卡長40/CPU高16/側掀玻璃/右側風口/E-ATX,DK431,ATX,,,,1690
210,darkFlash,darkFlash DK431 白 顯卡長40/CPU高16/側掀玻璃/右側風口/E-ATX,DK431,ATX,,,,1790
211,darkFlash,darkFlash DK431 粉 顯卡長40/CPU高16/側掀玻璃/右側風口/E-ATX,DK431,ATX,,,,1890
212,darkFlash,darkFlash DRX70 黑 顯卡長35/CPU高18/玻璃透側/磁吸面板/顯卡支架/ATX,DRX70,ATX,,,,1390
213,darkFlash,darkFlash DRX70 白 顯卡長35/CPU高18/玻璃透側/磁吸面板/顯卡支架/ATX,DRX70,ATX,,,,1490
214,darkFlash,darkFlash DS900 黑 顯卡長42.5/U高17/全景玻璃透側/ARGB風扇*4/含顯卡支架/ATX,DS900,ATX,,,,1590
215,darkFlash,darkFlash DS900 白 顯卡長42.5/U高17/全景玻璃透側/ARGB風扇*4/含顯卡支架/ATX,DS900,ATX,,,,1690
216,darkFlash,darkFlash DF4100 黑 顯卡長43.5/CPU高18.5/玻璃透側/14cm風扇*4/支援背插/E-ATX,DF4100,ATX,,,,1890
217,darkFlash,darkFlash DF4100 白 顯卡長43.5/CPU高18.5/玻璃透側/14cm風扇*4/支援背插/E-ATX,DF4100,ATX,,,,2090
218,darkFlash,darkFlash DY470 黑 顯卡長41/CPU高17.5/分艙設計/全景玻璃/支援背插,DY470,ATX,,,,3290
219,,↪ 即日起買darkFlash DY470,DY470,,,,,
220,darkFlash,darkFlash DY470 白 顯卡長41/CPU高17.5/分艙設計/全景玻璃/支援背插,DY470,ATX,,,,3290
221,,↪ 即日起買darkFlash DY470,DY470,,,,,
222,darkFlash,darkFlash DLZ 31 黑橘 顯卡長39/CPU高17.2/A.RGB 14cm風扇*4/側掀玻璃/ATX,2790,ATX,,,,2790
223,COUGAR,COUGAR Dust 2 鐵灰 顯卡長33,COUGAR,ITX,,,,4890
224,COUGAR,COUGAR Dust 2 沙漠黃 顯卡長33,COUGAR,ITX,,,,4890
225,COUGAR,COUGAR PURITY RGB 黑 顯卡長30.5/CPU高16/側掀玻璃/M-ATX,COUGAR,ATX,,,,1390
226,COUGAR,COUGAR PURITY RGB 白 顯卡長30.5/CPU高16/側掀玻璃/M-ATX,COUGAR,ATX,,,,1390
227,COUGAR,COUGAR MG140 Air RGB 黑 顯卡長35/CPU高16/玻璃透側/M-ATX,COUGAR,ATX,,,,1990
228,COUGAR,COUGAR MG140 Air RGB 白 顯卡長35/CPU高16/玻璃透側/M-ATX,COUGAR,ATX,,,,1990
229,COUGAR,COUGAR MX360 RGB 顯卡長31.5/CPU高17/玻璃透側/ATX,COUGAR,ATX,,,,1390
230,COUGAR,COUGAR MX430 Air RGB 白 玻璃透側/顯卡長32/CPU高17.5/ATX,COUGAR,ATX,,,,1790
231,COUGAR,COUGAR MX600 RGB 黑 顯卡長40/CPU高18/玻璃透側/方形進氣孔/E-ATX,COUGAR,ATX,,,,3290
232,COUGAR,COUGAR MX600 RGB 白 顯卡長40/CPU高18/玻璃透側/方形進氣孔/E-ATX,COUGAR,ATX,,,,3390
233,COUGAR,COUGAR Archon 2 RGB 黑 顯卡長31.5/CPU高17/玻璃透側/ATX,COUGAR,ATX,,,,1690
234,COUGAR,COUGAR Archon 2 RGB 白 顯卡長31.5/CPU高17/玻璃透側/ATX,COUGAR,ATX,,,,1690
235,COUGAR,COUGAR Archon 2 Mesh RGB 黑 顯卡長31.5/CPU高17/玻璃透側/ATX,COUGAR,ATX,,,,1390
236,COUGAR,COUGAR Archon 2 Mesh RGB 白 顯卡長31.5/CPU高17/玻璃透側/ATX,COUGAR,ATX,,,,1390
237,COUGAR,COUGAR Airface Pure Pro 黑 顯卡長32/CPU高17.5/玻璃透側/ATX,COUGAR,ATX,,,,1890
238,COUGAR,COUGAR Airface Pure Pro 白 顯卡長32/CPU高17.5/玻璃透側/ATX,COUGAR,ATX,,,,1990
239,COUGAR,COUGAR Duoface RGB 白 卡33/U高19/雙面板/Logo燈效/玻璃透側/E-ATX 原價$2590！,COUGAR,ATX,,,,2590
240,COUGAR,COUGAR Duoface Pro RGB 黑 卡39/U高19/雙面板/可拆上蓋,COUGAR,ATX,,,,2890
241,COUGAR,COUGAR Duoface Pro RGB 白 卡39/U高19/雙面板/可拆上蓋,COUGAR,ATX,,,,2990
242,COUGAR,COUGAR Uniface Mini RGB 黑 顯卡長34/CPU高16/玻璃透側/M-ATX▼下殺到 5/31 21:00,COUGAR,ATX,,,,1790
243,COUGAR,COUGAR Uniface Mini RGB 白 顯卡長34/CPU高16/玻璃透側/M-ATX▼下殺到 5/31 21:00,COUGAR,ATX,,,,1890
244,COUGAR,COUGAR Uniface RGB 黑 顯卡長40/CPU高18/玻璃透側/E-ATX▼下殺到 5/31 21:00,COUGAR,ATX,,,,2590
245,COUGAR,COUGAR Uniface RGB 白 顯卡長40/CPU高18/玻璃透側/E-ATX▼下殺到 5/31 21:00,COUGAR,ATX,,,,2690
246,COUGAR,COUGAR FV150 RGB 黑 顯卡長40/CPU高18/分艙設計/全景玻璃透側/ATX,COUGAR,ATX,,,,2290
247,COUGAR,COUGAR FV150 RGB 白 顯卡長40/CPU高18/分艙設計/全景玻璃透側/ATX,COUGAR,ATX,,,,2390
248,COUGAR,COUGAR FV150 RGB 粉 顯卡長40/CPU高18/分艙設計/全景玻璃透側/ATX,COUGAR,ATX,,,,2390
249,COUGAR,COUGAR FV270 RGB 黑 顯卡長42/CPU高18/曲面全景玻璃/支援背插/E-ATX,COUGAR,ATX,,,,5490
250,COUGAR,COUGAR FV270 RGB 黑 /曲面全景玻璃/支援背插/E-ATX + 專用發光旋轉展示台,COUGAR,ATX,,,,5990
251,COUGAR,COUGAR FV270 RGB 白 顯卡長42/CPU高18/曲面全景玻璃/支援背插/E-ATX,COUGAR,ATX,,,,5590
252,COUGAR,COUGAR FV270 RGB 白 /曲面全景玻璃/支援背插/E-ATX + 專用發光旋轉展示台,COUGAR,ATX,,,,6090
253,COUGAR,COUGAR BLAZER 顯卡長35/U高16/玻璃透側/鋁合金架構/ATX,COUGAR,ATX,,,,7890
254,COUGAR,COUGAR CRATUS 顯卡長46/CPU高19/3D彎管工藝/四面玻璃透側/E-ATX,COUGAR,ATX,,,,16990
255,亞碩,亞碩 M1 象牙白 顯卡長35/CPU高17/側掀式玻璃側板/網孔面板/M-ATX 特價原價$1390,M-ATX,ATX,,,,1390
256,亞碩,亞碩 M2 花瓣粉 顯卡長35/CPU高17/側掀式玻璃側板/網孔面板/M-ATX 特價原價$1490,M-ATX,ATX,,,,1490
257,SAMA,SAMA MG-II 顯卡長34.5/CPU高16/A.RGB面板燈條/玻璃透側/ATX,SAMA,ATX,,,,1490
258,SAMA,SAMA MG-III 白 顯卡長34.5/U高16/20cm A.RGB風扇/前置Type-C/玻璃透側/ATX,SAMA,ATX,,,,1790
259,SAMA,SAMA SAK702 新鏡界,SAMA,ATX,,,,2490
260,SAMA,SAMA SAK451 大境界,SAMA,ATX,,,,3490
261,SAMA,SAMA SAK452 元境界,SAMA,ATX,,,,2990
262,SAMA,SAMA SAK736 幻境界,SAMA,ATX,,,,1590
263,SAMA,SAMA SAK736 幻境界,SAMA,ATX,,,,1690
264,SAMA,SAMA SAK2851 曲境界,SAMA,ATX,,,,2890
265,SAMA,SAMA SAK2851 曲境界,SAMA,ATX,,,,2990
266,旋剛,旋剛 光影者,1690,ATX,,,,1690
267,旋剛,旋剛 馭風者,1690,ATX,,,,1690
268,旋剛,旋剛 小暴風,S1000,ATX,,,,1190
269,旋剛,旋剛 AK5M RGB 黑 顯卡長41/CPU高17/玻璃透側/支援背插/ATX,AK5M,ATX,,,,2090
270,旋剛,旋剛 AK6 RGB 黑 顯卡長41/CPU高17/全景玻璃透側/支援背插/ATX,1990,ATX,,,,1990
271,旋剛,旋剛 AK6 RGB 白 顯卡長41/CPU高17/全景玻璃透側/支援背插/ATX,2090,ATX,,,,2090
272,旋剛,旋剛 VK3 RGB 顯卡長35/CPU高16/玻璃透側/ATX,1390,ATX,,,,1390
273,旋剛,旋剛 TK5M RGB 顯卡長31,TK5M,ATX,,,,1690
274,旋剛,旋剛 TG7M 天亟者 顯卡長38/CPU高17.2/金屬飾邊面板/玻璃透側/E-ATX,TG7M,ATX,,,,2390
275,旋剛,旋剛 M30 BLACK 顯卡長38/CPU高17.2/E-ATX,BLACK,ATX,,,,1790
276,旋剛,旋剛 M30 RGB 顯卡長38/CPU高17.2/玻璃透側/E-ATX,E-ATX,ATX,,,,2390
277,旋剛,旋剛 RGB HEX 顯卡長35/CPU高15.8/標配12cm風扇*6/玻璃透側/ATX,1990,ATX,,,,1990
278,旋剛,旋剛 RGB SLIDER 流影者 黑 顯卡長33.5/CPU高15.7/玻璃透側/RGB面板燈條/ATX,SLIDER,ATX,,,,1190
279,旋剛,旋剛 RGB SLIDER 流影者 白 顯卡長33.5/CPU高15.7/玻璃透側/RGB面板燈條/ATX,SLIDER,ATX,,,,1290
280,旋剛,旋剛 RGB WAVE 逐浪者 顯卡長31/CPU高15.7/玻璃透側/前置Type-C/ATX,WAVE,ATX,,,,1790
281,旋剛,旋剛 Rebel C50 黑 RGB 顯卡長40/CPU高16.8/玻璃透側/內建顯卡支撐架/ATX,2790,ATX,,,,2790
282,旋剛,旋剛 Rebel C50 白 RGB 顯卡長40/CPU高16.8/玻璃透側/內建顯卡支撐架/ATX,2790,ATX,,,,2790
283,旋剛,旋剛 CA200G 玻璃版 顯卡長42.5/CPU高16.5/玻璃面板/玻璃透側/E-ATX,CA200G,ATX,,,,2590
284,旋剛,旋剛 CA300H 黑 顯卡長40/U高16.5/側置Type C/RGB I/O設計/雙面玻璃透側/E-ATX,CA300H,ATX,,,,3490
285,旋剛,旋剛 CA300T 黑 顯卡長40/U高16.5/側置Type C/RGB I/O設計/雙面玻璃透側/E-ATX,CA300T,ATX,,,,3490
286,,1st Player SP7 黑 顯卡長40/CPU高18.5/分艙設計/聲波律動燈條/玻璃透側/ATX,1890,ATX,,,,1890
287,,↪ 買 1st Player SP7,CR601,,,,,990
288,,1st Player SP7 白 顯卡長40/CPU高18.5/分艙設計/聲波律動燈條/玻璃透側/ATX,2090,ATX,,,,2090
289,,↪ 買 1st Player SP7,CR601,,,,,990
290,Antec,Antec CX200M 定光RGB 黑 顯卡長33/CPU高16.4/風扇*5/全景玻璃透側/M-ATX,CX200M,ATX,,,,1390
291,Antec,Antec CX200M 定光RGB 白 顯卡長33/CPU高16.4/風扇*5/全景玻璃透側/M-ATX,CX200M,ATX,,,,1390
292,Antec,Antec CX500M ARGB 白 顯卡長41.5/CPU高16.5/風扇*3/全景玻璃透側/M-ATX,CX500M,ATX,,,,1690
293,Antec,Antec CX700 定光RGB ELITE 黑 顯卡長41/CPU高16/風扇*6/全景玻璃透側/ATX,CX700,ATX,,,,1890
294,Antec,Antec CX700 定光RGB ELITE 白 顯卡長41/CPU高16/風扇*6/全景玻璃透側/ATX,CX700,ATX,,,,1890
295,Antec,Antec CX700 ARGB 黑 顯卡長41/CPU高16/ARGB風扇*3/全景玻璃透側/ATX,CX700,ATX,,,,1690
296,Antec,Antec CX700 ARGB 白 顯卡長41/CPU高16/ARGB風扇*3/全景玻璃透側/ATX,CX700,ATX,,,,1790
297,Antec,Antec NX416L 白 顯卡長39/CPU高16.5/16cm*2前風扇/側掀玻璃側板/ATX,NX416L,ATX,,,,2190
298,Antec,Antec DP505 白 顯卡長37.5/CPU高17/可拆式顯卡支架/玻璃透側/E-ATX,DP505,ATX,,,,2690
299,Antec,Antec DF700 FLUX White 顯卡長40/CPU高17.5/創新風流架構/玻璃透側/ATX,DF700,ATX,,,,2590
300,Antec,Antec DF800 FLUX White 顯卡長40.5/CPU高17.5/創新風流架構/玻璃透側/ATX,DF800,ATX,,,,2690
301,Antec,Antec FLUX SE 顯卡長40.8/CPU高18/胡桃木混搭面板/金屬側板/支援背插/E-ATX,FLUX,ATX,,,,2890
302,Antec,Antec FLUX 黑 顯卡長40.8/CPU高18/胡桃木混搭面板/玻璃透側/支援背插/E-ATX,FLUX,ATX,,,,2890
303,Antec,Antec FLUX 白 顯卡長40.8/CPU高18/樺木混搭面板/玻璃透側/支援背插/E-ATX,FLUX,ATX,,,,3090
304,Antec,Antec FLUX PRO 黑 顯卡長45.5/CPU高19/溫度顯示/胡桃木混搭面板/玻璃透側/E-ATX,FLUX,ATX,,,,5490
305,Antec,Antec FLUX PRO 白 顯卡長45.5/CPU高19/溫度顯示/樺木混搭面板/玻璃透側/E-ATX,FLUX,ATX,,,,5790
306,Antec,Antec C3 ARGB 黑 顯卡長41.5/CPU高16/全景玻璃透側/ATX,ARGB,ATX,,,,2290
307,Antec,Antec C3 ARGB 白 顯卡長41.5/CPU高16/全景玻璃透側/ATX,ARGB,ATX,,,,2490
308,Antec,Antec C5 ARGB 黑 顯卡長41/U高16/分艙設計/預裝7風扇/全景玻璃透側/支援背插/ATX,ARGB,ATX,,,,3090
309,Antec,Antec C5 ARGB 白 顯卡長41/U高16/分艙設計/預裝7風扇/全景玻璃透側/支援背插/ATX,ARGB,ATX,,,,3290
310,Antec,Antec C7 ARGB 黑 顯卡長45/CPU高18/全景玻璃透側/支援背插/ATX,ARGB,ATX,,,,3290
311,Antec,Antec C7 ARGB 白 顯卡長45/CPU高18/全景玻璃透側/支援背插/ATX,ARGB,ATX,,,,3490
312,Antec,Antec C8 White 顯卡長44/CPU高17.5/分艙設計/全景玻璃透側/E-ATX,E-ATX,ATX,,,,3190
313,Antec,Antec C8 ARGB 黑 顯卡長44/CPU高17.5/分艙設計/全景玻璃透側/E-ATX,ARGB,ATX,,,,3990
314,Antec,Antec C8 ARGB 白 顯卡長44/CPU高17.5/分艙設計/全景玻璃透側/E-ATX,ARGB,ATX,,,,4190
315,Antec,Antec C8 Curve Wood 黑 顯卡長44/U高17.5/分艙設計/全景曲面玻璃/支援背插/E-ATX,E-ATX,ATX,,,,3990
316,Antec,Antec C8 AL,E-ATX,ATX,,,,3190
317,Antec,Antec P10 FLUX 靜音機殼/顯卡長40.5/CPU高17.5/創新風流架構/內建風速切換/ATX,FLUX,ATX,,,,2290
318,Antec,Antec P10C 靜音機殼/顯卡長40.5/CPU高17.5/前置Type-C/內建風速切換/ATX,P10C,ATX,,,,2690
319,Antec,Antec P20CE 顯卡長37.5/CPU高17/無透側版/可拆式顯卡支架/E-ATX,P20CE,ATX,,,,2390
320,Antec,Antec P20C 白 顯卡長37.5/CPU高17/玻璃透側/可拆式顯卡支架/E-ATX,P20C,ATX,,,,2590
321,Antec,Antec P101 Silent 靜音版 顯卡長29/CPU高18/E-ATX,P101,ATX,,,,2690
322,Antec,Antec P120 Crystal 黑 顯卡長45/CPU高18.5/玻璃透側/E-ATX,P120,ATX,,,,2990
323,Antec,Antec P120 Crystal 白 限量版/顯卡長45/CPU高18.5/玻璃透側/E-ATX,P120,ATX,,,,2990
324,Antec,Antec Performance 1 Silent 靜音版 顯卡長40/CPU高17.5/雙降噪側板/E-ATX,E-ATX,ATX,,,,4290
325,Antec,Antec Performance 1 FT 黑 顯卡長40/CPU高17.5/溫度顯示面板/雙玻璃透側/E-ATX,E-ATX,ATX,,,,4490
326,Antec,Antec Performance 1 FT 白 顯卡長40/CPU高17.5/溫度顯示面板/雙玻璃透側/E-ATX,E-ATX,ATX,,,,4690
327,Antec,Antec Torque 魅影 黑紅 顯卡長45/CPU高21.5/全鋁/玻璃透側/ATX【客訂.可指送】,10900,ATX,,,,10900
328,Antec,Antec Torque 魅影 黑白 顯卡長45/CPU高21.5/全鋁/玻璃透側/ATX【客訂.可指送】,10900,ATX,,,,10900
329,BitFenix,BitFenix 小巨蛋 黑 鐵網版 顯卡長33.9/CPU高19/玻璃透側/M-ATX,M-ATX,ATX,,,,2690
330,BitFenix,BitFenix 小巨蛋 白 鐵網版 顯卡長33.9/CPU高19/玻璃透側/M-ATX,M-ATX,ATX,,,,2690
331,BitFenix,BitFenix 小巨蛋 黑 幻彩版 顯卡長33.9/U高19/含ARGB風扇*3燈條*2/玻璃透側/M-ATX,M-ATX,ATX,,,,3190
332,BitFenix,BitFenix 小巨蛋 白 幻彩版 顯卡長33.9/U高19/含ARGB風扇*3燈條*2/玻璃透側/M-ATX,M-ATX,ATX,,,,3190
333,BitFenix,BitFenix 諾瓦星 M 黑 顯卡長34.5/CPU高16/前置Type-C/玻璃透側/M-ATX,M-ATX,ATX,,,,1390
334,BitFenix,BitFenix 炫光戰神 白 幻彩版 顯卡長34/CPU高16/內建4幻彩風扇/玻璃透側/E-ATX,E-ATX,ATX,,,,2290
335,BitFenix,BitFenix 風魅影 Flow EX 2024C 黑 顯卡長43.4/U高17/Type-C/玻璃透側/ATX,2024C,ATX,,,,1490
336,BitFenix,BitFenix 風魅影 SEC 2022C 白 顯卡長31.5/CPU高16/4風扇/前置Type-C/玻璃透側/ATX,2022C,ATX,,,,1490
337,BitFenix,BitFenix 風魅影 SE 黑 煥彩版 顯卡長31.5/CPU高16/玻璃透側/ATX,1690,ATX,,,,1690
338,BitFenix,BitFenix 風魅影 SE 白 煥彩版 顯卡長31.5/CPU高16/玻璃透側/ATX,1690,ATX,,,,1690
339,BitFenix,BitFenix CETO Basic 黑 顯卡長39/CPU高16.5/全景玻璃透側/ATX,CETO,ATX,,,,1590
340,BitFenix,BitFenix CETO Basic 白 顯卡長39/CPU高16.5/全景玻璃透側/ATX,CETO,ATX,,,,1690
341,BitFenix,BitFenix CETO ARGB 黑 顯卡長41/CPU高18.1/全景玻璃透側/支援背插/ATX,CETO,ATX,,,,1990
342,BitFenix,BitFenix CETO ARGB 白 顯卡長41/CPU高18.1/全景玻璃透側/支援背插/ATX,CETO,ATX,,,,2090
343,BitFenix,BitFenix 亞瑟之劍 鐵網版 黑 顯卡長38/CPU高16.3/玻璃透側/ATX 原價$1990！,1990,ATX,,,,1990
344,BitFenix,BitFenix 亞瑟之劍 鐵網版 白 顯卡長38/CPU高16.3/玻璃透側/ATX 原價$2090！,2090,ATX,,,,2090
345,BitFenix,BitFenix Tracery 黑 顯卡長41/CPU高18/窗格紋面板/玻璃透側/E-ATX,E-ATX,ATX,,,,2690
346,BitFenix,BitFenix Tracery 白 顯卡長41/CPU高18/窗格紋面板/玻璃透側/E-ATX,E-ATX,ATX,,,,2790
347,BitFenix,BitFenix 黎明至尊 顯卡長38/CPU高16.5/鋼化玻璃+防爆膜/E-ATX,E-ATX,ATX,,,,2890
348,BitFenix,BitFenix 黎明至尊/鋼化玻璃,E-ATX,ATX,,,,3990
349,Apexgaming,Apexgaming MAZE SA300 白 顯卡長33/CPU高17/側掀玻璃/ATX,MAZE,ATX,,,,1490
350,Apexgaming,Apexgaming V300 黑 顯卡長34/CPU高16/玻璃透側/分艙設計/M-ATX 原價$1290,V300,ATX,,,,1290
351,Apexgaming,Apexgaming V300 白 顯卡長34/CPU高16/玻璃透側/分艙設計/M-ATX 原價$1390,V300,ATX,,,,1390
352,Apexgaming,Apexgaming Savitar 薩維塔 顯卡長40/U高15.7/玻璃透側/燻黑透明面板/ATX 原價$1890,1890,ATX,,,,1890
353,Apexgaming,Apexgaming METEOR TE220 黑 顯卡長38.3/U高17.4/側掀玻璃/含顯卡支撐架/E-ATX,METEOR,ATX,,,,2190
354,Apexgaming,Apexgaming METEOR TE220 白 顯卡長38.3/U高17.4/側掀玻璃/含顯卡支撐架/E-ATX,METEOR,ATX,,,,2390
355,全漢,全漢 S110-B 顯卡長28.5/CPU高16/網狀面板/簡約設計/M-ATX,S110-B,ATX,,,,790
356,全漢,全漢 S380-BA,S380-BA,ATX,,,,1690
357,全漢,全漢 S380-WA,S380-WA,ATX,,,,1790
358,全漢,全漢 M580-BA,M580-BA,ATX,,,,2390
359,全漢,全漢 M580-WA,M580-WA,ATX,,,,2490
360,全漢,全漢 CST130 Basic 黑 顯卡長30/CPU高16.5/壓克力透側/M-ATX,CST130,ATX,,,,1090
361,全漢,全漢 CST130 Basic 白 顯卡長30/CPU高16.5/壓克力透側/M-ATX,CST130,ATX,,,,1190
362,全漢,全漢 CST220S 靜音機殼 顯卡長26/CPU高16/M-ATX,CST220S,ATX,,,,1390
363,全漢,全漢 CST350,CST350,ATX,,,,1890
364,全漢,全漢 CST352 白 顯卡長35.5,CST352,ATX,,,,2090
365,全漢,全漢 CST360 白 顯卡長37/CPU高16.5/玻璃透側/前置Type-C/M-ATX,CST360,ATX,,,,1790
366,全漢,全漢 CMT195B 黑/顯卡長34/CPU高16/鑽切造型面板/壓克力透側/ATX,CMT195B,ATX,,,,990
367,全漢,全漢 CMT195W 白/顯卡長34/CPU高16/鑽切造型面板/壓克力透側/ATX,CMT195W,ATX,,,,1090
368,全漢,全漢 CMT223S 靜音機殼 顯卡長30/CPU高16/內建4風扇/ATX,CMT223S,ATX,,,,1590
369,全漢,全漢 CMT371 顯卡長41.5/CPU高16.3/玻璃透側/前置Type-C/E-ATX,CMT371,ATX,,,,2190
370,全漢,全漢 CMT580B 黑 顯卡長32.5/CPU高16/垂直風道/玻璃透側/E-ATX,CMT580B,ATX,,,,2390
371,全漢,全漢 CMT580W 白 顯卡長32.5/CPU高16/垂直風道/玻璃透側/E-ATX,CMT580W,ATX,,,,2590
372,全漢,全漢 CUT592 顯卡長40/CPU高17.5/14cm A.RGB風扇*4/側掀玻璃側板/E-ATX,CUT592,ATX,,,,2690
373,全漢,全漢 CUT593 黑 顯卡長40/CPU高17.5/側掀玻璃側板/E-ATX,CUT593,ATX,,,,2490
374,全漢,全漢 CUT593 白 顯卡長40/CPU高17.5/側掀玻璃側板/E-ATX,CUT593,ATX,,,,2590
375,全漢,全漢 CUT593 Premium 黑 顯卡長40/U高17.5/雙玻璃側板/內建模組化線材/雙面板/ATX,CUT593,ATX,,,,3790
376,全漢,全漢 CUT593 Premium 白 顯卡長40/U高17.5/雙玻璃側板/內建模組化線材/雙面板/ATX,CUT593,ATX,,,,3890
377,全漢,全漢 CUT610 顯卡長39/CPU高18/壓克力透側/支援 9個PCI slot/E-ATX,CUT610,ATX,,,,2990
378,全漢,全漢 U500-B 顯卡長42/CPU高18/雙顯卡支架/支援 9個PCI slot/E-ATX,U500-B,ATX,,,,3990
379,,HYTE Y70 touch infinite 黑 顯卡長42.2/U高18/PCIe 4.0/14.9觸控LCD/全景玻璃/E-ATX,HYTE,ATX,,,,12490
380,,HYTE Y70 touch infinite 雪白 顯卡42.2/U高18/PCIe 4.0/14.9觸控LCD/全景玻璃/E-ATX,HYTE,ATX,,,,12490
381,Phanteks,Phanteks XT Pro Ultra 黑 卡41.5/U18.4/玻璃透側/支援背插,2200,ATX,,,,2200
382,Phanteks,Phanteks XT Pro Ultra 白 卡41.5/U18.4/玻璃透側/支援背插,2390,ATX,,,,2390
383,Phanteks,Phanteks XT Pro SILENT 卡41.5/U高18.4/吸音棉降噪/背插,SILENT,ATX,,,,2390
384,Phanteks,Phanteks XT M3 黑 顯卡長42.5/U高17.5/玻璃透側/支援背插/M-ATX,M-ATX,ATX,,,,1690
385,Phanteks,Phanteks XT M3 白 顯卡長42.5/U高17.5/玻璃透側/支援背插/M-ATX,M-ATX,ATX,,,,1690
386,Phanteks,Phanteks XT View 黑 卡41.5/U高18.4/全景玻璃/支援背插,2590,ATX,,,,2590
387,Phanteks,Phanteks XT View 白 卡41.5/U高18.4/全景玻璃/支援背插,2590,ATX,,,,2590
388,Phanteks,Phanteks NV5 MKII 黑 顯卡長44/U高18/全景玻璃/支援背插,MKII,ATX,,,,3490
389,Phanteks,Phanteks NV5 MKII 白 顯卡長44/U高18/全景玻璃/支援背插,MKII,ATX,,,,3490
390,Phanteks,Phanteks NV5S 白 顯卡長43/CPU高17/全景玻璃透側/四風扇/ATX,NV5S,ATX,,,,3690
391,Phanteks,Phanteks NV7 黑 顯卡長45/CPU高18.5/全景玻璃透側/E-ATX,E-ATX,ATX,,,,6990
392,Phanteks,Phanteks NV7 白 顯卡長45/CPU高18.5/全景玻璃透側/E-ATX,E-ATX,ATX,,,,6990
393,Phanteks,Phanteks NV9 MKII 白 顯卡長49/CPU高20.5/全景玻璃透側/支援背插,MKII,ATX,,,,7890
394,Phanteks,Phanteks Evolv X2 黑 卡38/U高17/懸浮設計/全景玻璃/背插限ATX,4690,ATX,,,,4690
395,Phanteks,Phanteks Evolv X2 白 卡38/U高17/懸浮設計/全景玻璃/背插限ATX,4990,ATX,,,,4990
396,Phanteks,Phanteks Eclipse G360A 白 顯卡長40/U高16.2/玻璃透側/E-ATX,G360A,ATX,,,,2790
397,Phanteks,Phanteks Eclipse G400A 白 卡41.5/U高18.4/玻璃透側/背插/E-ATX,G400A,ATX,,,,3390
398,Phanteks,Phanteks Enthoo Pro2 黑,4100,,,,,4100
399,Phanteks,Phanteks Enthoo Pro2 黑 伺服器版,5090,,,,,5090
400,Phanteks,Phanteks Enthoo Elite 黑 卡長51.5/CPU高21/支援雙電供/玻璃透側/EEB,32450,,,,,32450
401,,abee Pixel One 黑 顯卡長33.4/CPU高18/全鋁機身/像素方塊,E-ATX,ATX,,,,8990
402,,abee Pixel One 黑 顯卡長33.4/CPU高18/全鋁機身/E-ATX + 鋁製磁吸像素方塊,E-ATX,ATX,,,,10390
403,,abee Pixel One 銀 顯卡長33.4/CPU高18/全鋁機身/像素方塊,E-ATX,ATX,,,,8990
404,,abee Pixel One 銀 顯卡長33.4/CPU高18/全鋁機身/E-ATX + 鋁製磁吸像素方塊,E-ATX,ATX,,,,10390
405,,abee SMART EM30 黑 顯卡長35.8/CPU高15.8/全鋁CNC工藝/ATX,SMART,ATX,,,,12990
406,Fractal,Fractal Design Define 7 Compact 黑,DEF7C-01,ATX,,,,3790
407,Fractal,Fractal Design Torrent Compact 黑/深色玻璃/顯卡長33/CPU高17.4/E-ATX,E-ATX,ATX,,,,4790
408,Fractal,Fractal Design Torrent Compact RGB 黑/淺色玻璃/卡33/CPU高17.4/E-ATX,E-ATX,ATX,,,,5790
409,Fractal,Fractal Design Torrent Compact 黑,E-ATX,ATX,,,,4490
410,Fractal,Fractal Design Torrent 黑,TOR1A-05,,,,,5990
411,Fractal,Fractal Design Torrent 黑/淺色玻璃/顯卡長42.3/CPU高18.8/EEB,TOR1A-01,,,,,6490
412,Fractal,Fractal Design North Charcoal 黑/網孔側板/卡35.5/U高17/胡桃木面板/ATX,NOR1C-01,ATX,,,,5290
413,Fractal,Fractal Design North Charcoal 黑/淺色玻璃/卡35.5/U高17/胡桃木面板/ATX,NOR1C-02,ATX,,,,5290
414,Fractal,Fractal Design North Chalk 白/網孔側板/顯卡35.5/CPU高17/橡木面板/ATX,NOR1C-03,ATX,,,,5290
415,Fractal,Fractal Design North Chalk 白/透明玻璃/顯卡35.5/CPU高17/橡木面板/ATX,NOR1C-04,ATX,,,,5290
416,Fractal,Fractal Design North XL Chalk 白/網孔側板/顯卡41.3/U高18.5/橡木/E-ATX,E-ATX,ATX,,,,6290
417,Fractal,Fractal Design North XL Chalk 白/透明玻璃/顯卡41.3/U高18.5/橡木/E-ATX,E-ATX,ATX,,,,6290
418,Fractal,Fractal Design North XL RC Charcoal 黑/深色玻璃/卡41.3/U16.9/限背插/ATX,NOR1X-05,ATX,,,,6490
419,Fractal,Fractal Design North XL RC Chalk 白/透明玻璃/卡41.3/U16.9/限背插/ATX,NOR1X-06,ATX,,,,6490
420,Fractal,Fractal Design Meshify 3 黑,E-ATX,ATX,,,,5390
421,Fractal,Fractal Design Meshify 3 TG 黑/淺色玻璃/顯卡長34.9/CPU高17.6/E-ATX,E-ATX,ATX,,,,5390
422,Fractal,Fractal Design Meshify 3 TG 白/透明玻璃/顯卡長34.95/CPU高17.6/E-ATX,E-ATX,ATX,,,,5390
423,Fractal,Fractal Design Meshify 3 RGB 黑/淺色玻璃/顯卡長34.9/CPU高17.6/E-ATX,E-ATX,ATX,,,,6190
424,Fractal,Fractal Design Meshify 3 RGB 白/透明玻璃/顯卡長34.95/CPU高17.6/E-ATX,E-ATX,ATX,,,,6190
425,Fractal,Fractal Design Meshify 3,E-ATX,ATX,,,,8490
426,Fractal,Fractal Design Meshify 3,E-ATX,ATX,,,,8490
427,Fractal,Fractal Design Meshify 3 XL 黑,E-ATX,ATX,,,,6590
428,Fractal,Fractal Design Meshify 3 XL 黑/淺色玻璃/顯卡長51.2/CPU高18.2/E-ATX,E-ATX,ATX,,,,6590
429,Fractal,Fractal Design Meshify 3 XL,E-ATX,ATX,,,,9590
430,Fractal,Fractal Design Meshify 3 XL,E-ATX,ATX,,,,9590
431,NZXT,NZXT H5 Flow,NZXT,ATX,,,,3990
432,NZXT,NZXT H5 Flow,NZXT,ATX,,,,990
433,NZXT,NZXT H5 Flow,NZXT,ATX,,,,3990
434,NZXT,NZXT H5 Flow,NZXT,ATX,,,,990
435,NZXT,NZXT H5 Flow RGB,NZXT,ATX,,,,4690
436,NZXT,NZXT H5 Flow RGB,NZXT,ATX,,,,4690
437,NZXT,NZXT H5 Elite 白 顯卡長36.5/CPU高16.5/玻璃透側/ATX,NZXT,ATX,,,,4990
438,NZXT,NZXT H6 Flow 黑 顯卡長36.5/CPU高16.3/全景玻璃/傾斜前風扇/分艙/ATX,NZXT,ATX,,,,4990
439,NZXT,NZXT H6 Flow 白 顯卡長36.5/CPU高16.3/全景玻璃/傾斜前風扇/分艙/ATX,NZXT,ATX,,,,4990
440,NZXT,NZXT H6 Flow RGB 黑 顯卡長36.5/U高16.3/全景玻璃/傾斜前風扇/分艙/ATX,NZXT,ATX,,,,5990
441,,↪ 買NZXT H6 FLOW RGB,FLOW,,,,,
442,NZXT,NZXT H7 Flow,NZXT,ATX,,,,4990
443,NZXT,NZXT H7 Flow,NZXT,ATX,,,,4990
444,NZXT,NZXT H7 Flow RGB,NZXT,ATX,,,,5990
445,NZXT,NZXT H7 Flow RGB,NZXT,ATX,,,,5990
446,NZXT,NZXT H9 Flow 黑 顯卡長43.5/CPU高16.5/玻璃透側/分艙設計/ATX,NZXT,ATX,,,,6490
447,NZXT,NZXT H9 Flow 白 顯卡長43.5/CPU高16.5/玻璃透側/分艙設計/ATX,NZXT,ATX,,,,6490
448,NZXT,NZXT H9 Elite 黑 顯卡長43.5/CPU高16.5/玻璃透側/分艙設計/ATX,NZXT,ATX,,,,8990
449,NZXT,NZXT H9 Elite 白 顯卡長43.5/CPU高16.5/玻璃透側/分艙設計/ATX,NZXT,ATX,,,,8990
450,,❤ 喬思伯 JONSBO 機殼,JONSBO,,,,,
451,喬思伯,喬思伯 C6 黑 顯卡長,M-ATX,ATX,,,,1190
452,喬思伯,喬思伯 C6 白 顯卡長,M-ATX,ATX,,,,1190
453,喬思伯,喬思伯 D31 Mesh 黑 顯卡長,M-ATX,ATX,,,,1990
454,喬思伯,喬思伯 D31 Mesh 白 顯卡長,M-ATX,ATX,,,,1990
455,喬思伯,喬思伯 D31 Mesh SC螢幕版 黑 卡33/U高16.8/8吋LCD/玻璃側板/M-ATX,M-ATX,ATX,,,,3290
456,喬思伯,喬思伯 D31 Mesh SC螢幕版 白 卡33/U高16.8/8吋LCD/玻璃側板/M-ATX,M-ATX,ATX,,,,3290
457,喬思伯,喬思伯 D32 Pro 黑 顯卡長36.5/CPU高,M-ATX,ATX,,,,2190
458,喬思伯,喬思伯 D32 Pro 白 顯卡長36.5/CPU高,M-ATX,ATX,,,,2190
459,喬思伯,喬思伯 D41 Mesh 黑 顯卡長,1990,ATX,,,,1990
460,喬思伯,喬思伯 D41 Mesh 白 顯卡長,1990,ATX,,,,1990
461,喬思伯,喬思伯 D41 Mesh SC螢幕版 黑 卡33/U16.8/8吋LCD/玻璃側板/ATX,3290,ATX,,,,3290
462,喬思伯,喬思伯 D41 Mesh SC螢幕版 白 卡33/U16.8/8吋LCD/玻璃側板/ATX,3290,ATX,,,,3290
463,喬思伯,喬思伯 Z20 黑 顯卡長36.3/CPU高16.3/玻璃側板/M-ATX【建議SFX】,M-ATX,ATX,,,,2390
464,喬思伯,喬思伯 Z20 白 顯卡長36.3/CPU高16.3/玻璃側板/M-ATX【建議SFX】,M-ATX,ATX,,,,2390
465,喬思伯,喬思伯 Z20 拼色版,M-ATX,ATX,,,,2690
466,喬思伯,喬思伯 Z20 拼色版,M-ATX,ATX,,,,2690
467,喬思伯,喬思伯 D300 黑 顯卡長43/U高18/全景環形玻璃/支援背插/M-ATX,D300,ATX,,,,2690
468,,↪ 慶上市買喬思伯 D300,D300,,,,,
469,喬思伯,喬思伯 D300 白 顯卡長43/U高18/全景環形玻璃/支援背插/M-ATX,D300,ATX,,,,2690
470,,↪ 慶上市買喬思伯 D300,D300,,,,,
471,喬思伯,喬思伯 TK-1 黑 顯卡長28/CPU高16.5/雙折彎環形玻璃/支援背插/M-ATX,TK-1,ATX,,,,3690
472,喬思伯,喬思伯 TK-1 白 顯卡長28/CPU高16.5/雙折彎環形玻璃/支援背插/M-ATX,TK-1,ATX,,,,3690
473,喬思伯,喬思伯 TK-2 V2 黑 顯卡長40.5/CPU高16.5/雙折彎環形玻璃/支援背插/ATX,TK-2,ATX,,,,3990
474,喬思伯,喬思伯 TK-2 V2 白 顯卡長40.5/CPU高16.5/雙折彎環形玻璃/支援背插/ATX,TK-2,ATX,,,,3990
475,喬思伯,喬思伯 TK-3,TK-3,ATX,,,,2990
476,喬思伯,喬思伯 TK-3,TK-3,ATX,,,,2990
477,酷碼,酷碼 Qube 500 Flatpack DIY版 黑 顯卡長36/CPU高17.2/玻璃透側/ATX,2690,ATX,,,,2690
478,酷碼,酷碼 Qube 500 Flatpack DIY版 白 顯卡長36/CPU高17.2/玻璃透側/ATX,2690,ATX,,,,2690
479,酷碼,酷碼 Qube 500 Flatpack DIY 馬卡龍版 卡長36/U高17.2/玻璃透側/ATX,3190,ATX,,,,3190
480,酷碼,酷碼 RC-343 顯卡長25,RC-343,ATX,,,,990
481,酷碼,酷碼 N200 顯卡長35.5/CPU高16/M-ATX,N200,ATX,,,,1390
482,酷碼,酷碼 N300 升級版 顯卡長32/CPU高16.4/NSE-300-KKN3/ATX,N300,ATX,,,,1290
483,酷碼,酷碼 N400 顯卡長32/CPU高16.4/全沖孔網面板/ATX,N400,ATX,,,,1490
484,酷碼,酷碼 殺手 102 顯卡長34/CPU高15.6/SSD*2/ATX,RC-102C-KKN4,ATX,,,,790
485,酷碼,酷碼 殺手 103 顯卡長34.4/CPU高15.6/SSD*2/ATX,RC-103-KKN1,ATX,,,,790
486,酷碼,酷碼 ELITE 300 顯卡長36.5/CPU高16.5/M-ATX,ELITE,ATX,,,,1290
487,酷碼,酷碼 ELITE 301 LITE 顯卡長36.5/CPU高16.3/玻璃透側/M-ATX,ELITE,ATX,,,,1190
488,酷碼,酷碼 ELITE 500 玻璃透側版 顯卡長35/CPU高16.1/ATX,ELITE,ATX,,,,1390
489,酷碼,酷碼 ELITE 500 ODD 顯卡長40/CPU高16.3/ATX,ELITE,ATX,,,,1390
490,酷碼,酷碼 Q300L V2,Q300L,ATX,,,,1790
491,酷碼,酷碼 Q300L V2,Q300L,ATX,,,,1790
492,酷碼,酷碼 HAF 500 黑色 顯卡長41/CPU高16.7/玻璃透側/顯卡專用風扇/E-ATX,E-ATX,ATX,,,,3290
493,酷碼,酷碼 HAF 500 白色 顯卡長41/CPU高16.7/玻璃透側/顯卡專用風扇/E-ATX,E-ATX,ATX,,,,3290
494,酷碼,酷碼 HAF 700 黑 顯卡長49/CPU高16.6/可拆式上蓋/玻璃透側/E-ATX,E-ATX,ATX,,,,6990
495,酷碼,酷碼 HAF 700 白 顯卡長49/CPU高16.6/可拆式上蓋/玻璃透側/E-ATX,E-ATX,ATX,,,,6990
496,酷碼,酷碼 HAF 700 EVO 黑 顯卡長49/CPU高16.6/玻璃透側/Iris面板顯示/E-ATX,E-ATX,ATX,,,,9990
497,酷碼,酷碼 HAF 700 EVO 白 顯卡長49/CPU高16.6/玻璃透側/Iris面板顯示/E-ATX,E-ATX,ATX,,,,9990
498,酷碼,酷碼 Silencio S400 黑 玻璃透側版 顯卡長31.9/CPU高16.6/M-ATX,S400,ATX,,,,2490
499,酷碼,酷碼 Silencio S400 黑 靜音版 顯卡長31.9/CPU高16.7/M-ATX,S400,ATX,,,,2290
500,酷碼,酷碼 Silencio S600 玻璃透側版 顯卡長39.8/CPU高16.7/ATX,S600,ATX,,,,2990
501,酷碼,酷碼 Silencio S600 靜音版 顯卡長39.8/CPU高16.7/ATX,S600,ATX,,,,2790
502,酷碼,酷碼 MasterBox 520 Mesh 白 顯卡長41/CPU高16.5/玻璃透側/可拆式上蓋/ATX,1990,ATX,,,,1990
503,酷碼,酷碼 MasterBox 600 黑 顯卡長41/CPU高17/玻璃透側/支援背插/ATX,2290,ATX,,,,2290
504,酷碼,酷碼 MasterBox 600 白 顯卡長41/CPU高17/玻璃透側/支援背插/ATX,2290,ATX,,,,2290
505,酷碼,酷碼 MasterBox MB400L with ODD 顯卡長34/CPU高16.7/髮絲紋面板/M-ATX,MB400L,ATX,,,,1290
506,酷碼,酷碼 MasterBox MB400L without ODD 顯卡長34/CPU高16.7/髮絲紋面板/M-ATX,MB400L,ATX,,,,1190
507,酷碼,酷碼 MasterBox MB600L V2 光碟機版 顯卡長40/CPU高16.1/玻璃透側/髮絲紋面板/ATX,MB600L,ATX,,,,1490
508,酷碼,酷碼 MasterBox MB600L V2 無光碟機版 顯卡長35/U高16.1/玻璃透側/髮絲紋面板/ATX,MB600L,ATX,,,,1390
509,酷碼,酷碼 MasterBox TD300 Mesh 白 顯卡長34.4/U高16.6/玻璃透側/菱形網孔面板/M-ATX,TD300,ATX,,,,1490
510,,↪ 買酷碼 TD300 Mesh,TD300,,,,,599
511,酷碼,酷碼 MasterBox TD500 Mesh V2,TD500,ATX,,,,2690
512,酷碼,酷碼 MasterBox TD500 Mesh V2,TD500,ATX,,,,2690
513,酷碼,酷碼 MasterBox TD500 MAX 卡長38/U高16.5/含Atmos 360水冷/850W金牌3.0電源/ATX,TD500,ATX,,,,9990
514,酷碼,酷碼 MasterBox Q500L 顯卡長36/CPU高16/壓克力透側/ATX,Q500L,ATX,,,,1690
515,酷碼,酷碼 MasterCase MC500 顯卡長41/CPU高19/玻璃透側/沖孔面板/E-ATX,MC500,ATX,,,,2990
516,酷碼,酷碼 MasterFrame 600 黑 顯卡長48.5/CPU高19/玻璃透側/無光風扇/支援背插/ATX,6990,ATX,,,,6990
517,酷碼,酷碼 MasterFrame 600 銀 顯卡長48.5/CPU高19/玻璃透側/ARGB風扇/支援背插/ATX,6990,ATX,,,,6990
518,酷碼,酷碼 COSMOS C700M 黑 顯卡長49/U高19.8/PCIe 4.0延長線/玻璃透側/E-ATX【客訂】,COSMOS,ATX,,,,14500
519,,幾何未來 Model 5 悟空 黑黃 顯卡長46/U高18/14cm龍鱗扇*5/全景玻璃/公仔平臺/E-ATX,E-ATX,ATX,,,,3690
520,,幾何未來 Model 5 悟空 黑灰 顯卡長46/U高18/14cm龍鱗扇*5/全景玻璃/公仔平臺/E-ATX,E-ATX,ATX,,,,3690
521,,幾何未來 Model 5 悟空 全白 顯卡長46/U高18/14cm龍鱗扇*5/全景玻璃/公仔平臺/E-ATX,E-ATX,ATX,,,,3890
522,,幾何未來 Model 5 悟空 黑綠 顯卡長46/U高18/14cm龍鱗扇*5/全景玻璃/公仔平臺/E-ATX,E-ATX,ATX,,,,3890
523,,幾何未來 Model 5 悟空 粉紅 顯卡長46/U高18/14cm龍鱗扇*5/全景玻璃/公仔平臺/E-ATX,E-ATX,ATX,,,,3890
524,,幾何未來 Model 5 悟空 粉藍 顯卡長46/U高18/14cm龍鱗扇*5/全景玻璃/公仔平臺/E-ATX,E-ATX,ATX,,,,3890
525,,幾何未來 Model 5 悟空 粉紫 顯卡長46/U高18/14cm龍鱗扇*5/全景玻璃/公仔平臺/E-ATX,E-ATX,ATX,,,,3890
526,,幾何未來 Model 5 Vent 鐵扇 黑 顯卡長46/CPU高18/14cm龍鱗扇*5/玻璃透側/E-ATX,E-ATX,ATX,,,,3690
527,,↪ 即日起買 Model 5 Vent 鐵扇,,,,,,
528,,幾何未來 Model 5 Vent 鐵扇 全白 顯卡長46/CPU高18/14cm龍鱗扇*5/玻璃透側/E-ATX,E-ATX,ATX,,,,3890
529,,↪ 即日起買 Model 5 Vent 鐵扇,,,,,,
530,聯力,聯力 A3-mATX 黑 /顯卡長41.5/CPU高16.5/3面網孔/含顯卡支架/M-ATX,M-ATX,MATX,,,,1999
531,聯力,聯力 A3-mATX 白 /顯卡長41.5/CPU高16.5/3面網孔/含顯卡支架/M-ATX,M-ATX,MATX,,,,1999
532,聯力,聯力 A3-mATX 實木黑 /顯卡長41.5/CPU高16.5/3面網孔/含顯卡支架/M-ATX,M-ATX,MATX,,,,2499
533,聯力,聯力 A3-mATX 實木白 /顯卡長41.5/CPU高16.5/3面網孔/含顯卡支架/M-ATX,M-ATX,MATX,,,,2499
534,聯力,聯力 SUP01 白 /顯卡長40/U高8.8/直筒型前置顯卡/含PCIe 4.0線/支援背插,SUP01,ATX,,,,4399
535,聯力,聯力 LANCOOL 216 RGB 黑 顯卡長39.2/CPU高18/含磁吸前濾網/玻璃透側/E-ATX,LANCOOL,ATX,,,,2700
536,聯力,聯力 LANCOOL 216 RGB 白 顯卡長39.2/CPU高18/含磁吸前濾網/玻璃透側/E-ATX,LANCOOL,ATX,,,,2900
537,聯力,聯力 LANCOOL 217 黑 顯卡長38/CPU高18/玻璃透側/木質裝飾/支援背插/E-ATX,LANCOOL,ATX,,,,3490
538,聯力,聯力 LANCOOL 217 白 顯卡長38/CPU高18/玻璃透側/木質裝飾/支援背插/E-ATX,LANCOOL,ATX,,,,3690
539,聯力,聯力 LANCOOL II MESH RGB 純白版 卡長38.4/U高17.6/含Type-C/雙玻璃透側/E-ATX,LANCOOL,ATX,,,,3199
540,聯力,聯力 LANCOOL III RGB 黑 顯卡長43.5/CPU高18.7/雙玻璃透側/E-ATX,LANCOOL,ATX,,,,4700
541,聯力,聯力 LANCOOL III RGB 白 顯卡長43.5/CPU高18.7/雙玻璃透側/E-ATX,LANCOOL,ATX,,,,5000
542,聯力,聯力 PC-O11 Vision Compact 黑 卡40.8/U高16.4/雙頂蓋模式/全景玻璃/支援背插,PC-O11,ATX,,,,3599
543,聯力,聯力 PC-O11 Vision Compact 白 卡40.8/U高16.4/雙頂蓋模式/全景玻璃/支援背插,PC-O11,ATX,,,,3599
544,聯力,聯力 PC-O11 Vision 鏡面版 顯卡長45.5/CPU高16.7/三面無框玻璃/E-ATX,PC-O11,ATX,,,,4299
545,聯力,聯力 O11 Dynamic EVO RGB 黑 顯卡長45.5/U高16.7/頂底部L型燈條/全景玻璃/E-ATX,E-ATX,ATX,,,,4800
546,聯力,聯力 O11 Dynamic EVO RGB 白 顯卡長45.5/U高16.7/頂底部L型燈條/全景玻璃/E-ATX,E-ATX,ATX,,,,5100
547,聯力,聯力 O11 Dynamic EVO XL 黑 顯卡長46/CPU高16.7/雙向翻轉設計/玻璃透側/E-ATX,E-ATX,ATX,,,,7200
548,聯力,聯力 O11 Dynamic EVO XL 白 顯卡長46/CPU高16.7/雙向翻轉設計/玻璃透側/E-ATX,E-ATX,ATX,,,,7500
549,XPG,XPG STARKER AIR C 黑 顯卡長35/U高16.5/磁吸面板/玻璃透側/ATX 原價$2290！,STARKER,ATX,,,,2290
550,XPG,XPG STARKER AIR C 白 顯卡長35/U高16.5/磁吸面板/玻璃透側/ATX 原價$2390！,STARKER,ATX,,,,2390
551,XPG,XPG INVADER X 黑 卡40/U高17.5/全景玻璃/背插,INVADER,ATX,,,,4590
552,銀欣,銀欣 PS15 黑 玻璃透側版 顯卡長31.4/CPU高15.4/M-ATX,PS15,ATX,,,,1590
553,銀欣,銀欣 PS16 黑 顯卡長32/CPU高16.5/HDD*3/SSD*3/M-ATX,PS16,ATX,,,,1090
554,銀欣,銀欣 ALTA G1M 黑 顯卡長35.5/CPU高15.9/垂直風流/M-ATX,ALTA,ATX,,,,2990
555,銀欣,銀欣 ALTA G1M 白 顯卡長35.5/CPU高15.9/垂直風流/M-ATX,ALTA,ATX,,,,3090
556,銀欣,銀欣 ML03 黑 短板顯卡/CPU高7/薄型橫式機殼/M-ATX,ML03,ATX,,,,1990
557,銀欣,銀欣 ML04 黑 短板顯卡/CPU高7/薄型橫式機殼/M-ATX,ML04,ATX,,,,2490
558,銀欣,銀欣 Lucid 04 黑 顯卡長35/CPU高17.7/全景玻璃透側/M-ATX,M-ATX,ATX,,,,1690
559,銀欣,銀欣 Lucid 04 白 顯卡長35/CPU高17.7/全景玻璃透側/M-ATX,M-ATX,ATX,,,,1790
560,銀欣,銀欣 FARA V1M PRO 顯卡長35.2/CPU高16.3/玻璃透側/ARGB燈條面板/M-ATX,FARA,ATX,,,,1390
561,銀欣,銀欣 FARA 511Z 顯卡長36/CPU高16.2/玻璃透側/ATX,FARA,ATX,,,,1990
562,銀欣,銀欣 FARA 512Z 顯卡長36/CPU高16.2/玻璃透側/ATX,FARA,ATX,,,,1990
563,銀欣,銀欣 FARA 514X 黑 顯卡長37.8/CPU高16.8/精密沖孔網面板/玻璃透側/ATX 原價$2590,FARA,ATX,,,,2590
564,,↪ 提醒:銀欣 FARA 514X機殼,FARA,,,,,
565,銀欣,銀欣 FARA 514X 白 顯卡長37.8/CPU高16.8/精密沖孔網面板/玻璃透側/ATX 原價$2690,FARA,ATX,,,,2690
566,銀欣,銀欣 FARA R1 PRO V2 黑 顯卡長34/CPU高16.1/玻璃透側/ATX,FARA,ATX,,,,2490
567,銀欣,銀欣 FARA R1 PRO V2 白 顯卡長34/CPU高16.1/玻璃透側/ATX,FARA,ATX,,,,2490
568,銀欣,銀欣 FLP01 HTPC 復古機殼 顯卡長30.9/CPU高8.8~13.8/ATX【客訂】,FLP01,ATX,,,,2790
569,銀欣,銀欣 SETA H1 顯卡長39.4/CPU高18.2/玻璃透側E-ATX,SETA,ATX,,,,3090
570,銀欣,銀欣 SETA Q1 靜音機殼 顯卡長39.4/CPU高18.2/迷宮式降噪面板/E-ATX,SETA,ATX,,,,4300
571,銀欣,銀欣 CS380 顯卡長24.1/CPU高14.6/3.5吋硬碟*8熱插拔/帶鎖門板設計/ATX【客訂】,CS380,ATX,,,,5200
572,銀欣,銀欣 LD03 顯卡長30.9,LD03,ITX,,,,4490
573,銀欣,銀欣 SG05-LITE 黑 顯卡長22.8/CPU高8/ITX,SG05-LITE,ITX,,,,1400
574,銀欣,銀欣 SG13 鐵網版 顯卡長27/CPU高6/SSD*3/網孔面板/ITX,SG13,ITX,,,,1230
575,銀欣,銀欣 SG13 仿金屬紋版 顯卡長27/CPU高6/拉絲面板/ITX,SG13,ITX,,,,1290
576,銀欣,銀欣 SUGO 14 白 顯卡長33/CPU高18.2/電供深15/ITX,SUGO,ITX,,,,3200
577,銀欣,銀欣 SUGO 16 黑 顯卡長27.5/CPU高8.5,SUGO,ITX,,,,1790
578,銀欣,銀欣 SUGO 16 白 顯卡長27.5/CPU高8.5,SUGO,ITX,,,,1790
579,曜越,曜越 View 300 MX 黑 顯卡長40/CPU高17.5/玻璃透側/雙面版/E-ATX 獨家原價$3990！,E-ATX,ATX,,,,3990
580,曜越,曜越 View 270 TG ARGB V2 黑 顯卡長42/CPU高18/三風扇/全景玻璃透側/ATX,ARGB,ATX,,,,1690
581,曜越,曜越 View 270 TG ARGB V2 白 顯卡長42/CPU高18/三風扇/全景玻璃透側/ATX,ARGB,ATX,,,,1690
582,曜越,曜越 View 270 TG ARGB V2 繡球花藍 顯卡長42/CPU高18/三風扇/全景玻璃透側/ATX,ARGB,ATX,,,,1790
583,曜越,曜越 The Tower 250 黑 顯卡長36/CPU高21/全景玻璃/八角柱造型/ITX,3690,ITX,,,,3690
584,曜越,曜越 The Tower 250 白 顯卡長36/CPU高21/全景玻璃/八角柱造型/ITX,3690,ITX,,,,3690
585,曜越,曜越 The Tower 250 抹茶綠 顯卡長36/CPU高21/全景玻璃/八角柱造型/ITX,3690,ITX,,,,3690
586,曜越,曜越 The Tower 250 繡球花藍 顯卡長36/CPU高21/全景玻璃/八角柱造型/ITX,3690,ITX,,,,3690
587,曜越,曜越 The Tower 300 黑 顯卡長40/CPU高21/全景玻璃/八角柱造型/支援背插/M-ATX,M-ATX,ATX,,,,3990
588,曜越,曜越 The Tower 300 白 顯卡長40/CPU高21/全景玻璃/八角柱造型/支援背插/M-ATX,M-ATX,ATX,,,,3990
589,曜越,曜越 The Tower 300 抹茶綠 顯卡長40/CPU高21/全景玻璃/八角柱造型/支援背插/M-ATX,M-ATX,ATX,,,,4290
590,曜越,曜越 The Tower 300 繡球花藍 顯卡長40/U高21/全景玻璃/八角柱造型/支援背插/M-ATX,M-ATX,ATX,,,,4290
591,曜越,曜越 The Tower 300 泡泡粉 顯卡長40/CPU高21/全景玻璃/八角柱造型/支援背插/M-ATX,M-ATX,ATX,,,,4290
592,曜越,曜越 The Tower 600 黑 顯卡長28,4890,ATX,,,,4890
593,曜越,曜越 The Tower 600 白 顯卡長28,4890,ATX,,,,4890
594,曜越,曜越 The Tower 600 抹茶綠 顯卡長28,4890,ATX,,,,4890
595,曜越,曜越 The Tower 600 繡球花藍 顯卡長28,4890,ATX,,,,4890
596,DEEPCOOL,DEEPCOOL CH260 黑 顯卡長38.8/CPU高17.4/玻璃透側/支援背插/M-ATX,DEEPCOOL,ATX,,,,1890
597,DEEPCOOL,DEEPCOOL CH260 白 顯卡長38.8/CPU高17.4/玻璃透側/支援背插/M-ATX,DEEPCOOL,ATX,,,,1990
598,DEEPCOOL,DEEPCOOL CG530 4F 黑 顯卡長41/CPU高16/全景玻璃透側/支援背插/分艙設計/ATX,DEEPCOOL,ATX,,,,1990
599,DEEPCOOL,DEEPCOOL CG530 4F 白 顯卡長41/CPU高16/全景玻璃透側/支援背插/分艙設計/ATX,DEEPCOOL,ATX,,,,2090
600,DEEPCOOL,DEEPCOOL CH560 DIGITAL 顯卡長38/CPU高17.5/溫度顯示/玻璃透側/E-ATX,DEEPCOOL,ATX,,,,3490
601,DEEPCOOL,DEEPCOOL CH560 DIGITAL WH 顯卡長38/CPU高17.5/溫度顯示/玻璃透側/E-ATX,DEEPCOOL,ATX,,,,3690
602,DEEPCOOL,DEEPCOOL MORPHEUS,DEEPCOOL,ATX,,,,6590
603,DEEPCOOL,DEEPCOOL MORPHEUS WH,DEEPCOOL,ATX,,,,6990
604,保銳,保銳 ENERPAZO 黑 顯卡長36.5/CPU高16.2/側掀玻璃側板/ATX,ENERPAZO,ATX,,,,1090
605,保銳,保銳 ENERPAZO 白 顯卡長36.5/CPU高16.2/側掀玻璃側板/ATX,ENERPAZO,ATX,,,,1090
606,保銳,保銳 冰曜石 MS20 黑 顯卡長36.8/CPU高16.4/玻璃透側/M-ATX,MS20,ATX,,,,1190
607,保銳,保銳 冰曜石 MS20 白 顯卡長36.8/CPU高16.4/玻璃透側/M-ATX,MS20,ATX,,,,1290
608,保銳,保銳 冰曜石 MS30 黑 顯卡長35.7/CPU高17.5/玻璃透側/ATX,MS30,ATX,,,,1290
609,保銳,保銳 冰曜石 MS30 白 顯卡長35.7/CPU高17.5/玻璃透側/ATX,MS30,ATX,,,,1290
610,迎廣,迎廣 PRISM 顯卡長43.5/CPU高17.5/鏡面玻璃透側/支援背插/ATX,PRISM,ATX,,,,3490
611,迎廣,迎廣 A3 黑 顯卡長34/CPU高16.2/玻璃透側/垂直風道/M-ATX,M-ATX,ATX,,,,2690
612,迎廣,迎廣 A3 白 顯卡長34/CPU高16.2/玻璃透側/垂直風道/M-ATX,M-ATX,ATX,,,,2690
613,迎廣,迎廣 A5 黑 顯卡長34/CPU高16.2/玻璃透側/垂直風道/E-ATX,E-ATX,ATX,,,,2890
614,迎廣,迎廣 A5 白 顯卡長34/CPU高16.2/玻璃透側/垂直風道/E-ATX,E-ATX,ATX,,,,2890
615,迎廣,迎廣 F3 黑 顯卡長34/CPU高16/玻璃透側/支援背插/M-ATX,M-ATX,ATX,,,,2890
616,迎廣,迎廣 F3 白 顯卡長34/CPU高16/玻璃透側/支援背插/M-ATX,M-ATX,ATX,,,,3190
617,迎廣,迎廣 F5 黑 顯卡長43.5/CPU高18/玻璃透側/支援背插,E-ATX,ATX,,,,3990
618,迎廣,迎廣 F5 白 顯卡長43.5/CPU高18/玻璃透側/支援背插,E-ATX,ATX,,,,4290
619,迎廣,迎廣 DUBILI 鈦灰 顯卡長43/CPU高16/鋁合金/玻璃透側/E-ATX【客訂】,DUBILI,ATX,,,,6790
620,迎廣,迎廣 DUBILI 奶油香檳 顯卡長43/CPU高16/鋁合金/玻璃透側/E-ATX【客訂】,DUBILI,ATX,,,,6790
621,海盜船,海盜船 3500X ARGB 黑 顯卡長41/CPU高17/全景玻璃透側/支援背插/E-ATX,3500X,ATX,,,,3190
622,海盜船,海盜船 3500X ARGB 白 顯卡長41/CPU高17/全景玻璃透側/支援背插/E-ATX,3500X,ATX,,,,3190
